	mutants_containing_L194P	mutation_counts	rep1_freq	rep2_freq	rep1_enrichment	rep2_enrichment
16	D186G-L194P-D225G	3	0.00078473066018631	0.00187663878953529	1.90215684878247	4.54890003323928
30	A128T-I130V-K135T-S138A-T160K-D186G-N190D-S193F-L194P-P198S-D225G	11	0.00231622114216282	0.00314516814552778	5.28509258520741	7.176562091838
34	A128T-I130V-D186G-N190D-S193F-L194P-D225G	7	0.00769542324827866	0.000634264677996247	26.8640977176822	2.21416649076147
56	K135T-T160K-D186G-N190D-S193F-L194P-P198S	7	0.000594876468205751	0.00249128703419144	1.15425110443129	4.83389571509533
69	T160K-D186G-N190D-L194P-P198S-D225G	6	0.000696132037262049	0.0013208398448994	1.70255346688155	3.23042230030598
96	A128T-S138A-T160K-N190D-S193F-L194P-D225G	7	0.000430336168489267	0.00117698600040541	1.24656332494564	3.40939872014598
162	A128T-K135T-T160K-D186G-N190D-S193F-L194P-D225G	8	0.000759416767922236	0.00110505907815841	5.12684770492956	7.46029036752604
191	A128T-K135T-T160K-D186G-N190D-S193F-L194P-P198S-D225G	9	0.000189854191980559	0.000614648244656157	1.00056221338141	3.2392953861516
234	A128T-I130V-S138A-T160K-N190D-S193F-L194P-D225G	8	0.000493620899149453	0.00199433738957583	0.869022784467047	3.51104386877102
250	A128T-I130V-K135T-D186G-L194P-D225G	6	6.32847306601863e-05	0.00113121432261186	0.202728291600156	3.62376745013163
261	A128T-I130V-N190D-S193F-L194P-D225G	6	7.59416767922236e-05	0.00158239228943394	0.189130662285511	3.94090457753459
336	A128T-I130V-S138A-D186G-N190D-S193F-L194P-D225G	8	0.000696132037262049	0.00129468460044595	2.11395114475255	3.93158172114975
382	K135T-S138A-D186G-N190D-L194P-P198S-D225G	7	0.000468307006885379	0.000758502089150151	1.84805935386229	2.99324344963541
396	K135T-S138A-N190D-S193F-L194P	5	0.000354394491697043	0.00135353390046622	0.790972678702247	3.02095083317853
483	A128T-S138A-T160K-N190D-L194P-D225G	6	1.26569461320373e-05	0.00117044718929204	0.0390156334777658	3.6079586707658
502	A128T-K135T-S138A-T160K-N190D-S193F-L194P-P198S-D225G	9	3.79708383961118e-05	0.0013927667671464	0.116606874491819	4.2771291462884
510	A128T-K135T-T160K-S193F-L194P-D225G	6	0.000620190360469826	0.00123583530042568	1.58814420284887	3.16464878067469
516	A128T-I130V-K135T-S138A-L194P-D225G	6	0.000164540299716484	0.00235397200081081	0.210672190173829	3.01395121969018
520	A128T-I130V-K135T-D186G-N190D-L194P-P198S-D225G	8	0.000303766707168894	0.0011966024337455	0.902325196067602	3.55445313842128
531	A128T-I130V-S138A-T160K-D186G-N190D-S193F-L194P-D225G	9	0.00101255569056298	0.00295554262324024	2.41851295242291	7.05938269110928
537	A128T-I130V-K135T-T160K-D186G-N190D-S193F-L194P-P198S	9	0.0221876265694613	0.000856584255850601	35.2617071088107	1.36132736186374
599	A128T-I130V-K135T-T160K-D186G-N190D-S193F-L194P-D225G	9	0.00754353989469421	0.00513296672399024	30.0591665925772	20.4536204519977
602	A128T-K135T-T160K-N190D-L194P-D225G	6	1.26569461320373e-05	0.000810812578057058	0.0801483943535499	5.13436065659193
616	A128T-T160K-D186G-N190D-S193F-L194P-P198S	7	0.000594876468205751	0.00190279403398874	1.04954582065999	3.35711636396232
618	K135T-S138A-D186G-N190D-S193F-L194P-D225G	7	2.53138922640745e-05	0.000719269222469971	0.1602967887071	4.55467477600897
646	K135T-T160K-D186G-S193F-L194P	5	0.000594876468205751	0.00204010906736937	1.19102871315091	4.08459336864548
650	I130V-D186G-N190D-S193F-L194P-D225G	6	0.00291109761036857	4.57716777935436e-05	7.25000872094459	0.113993107614637
658	I130V-K135T-S138A-T160K-D186G-N190D-S193F-L194P-P198S	9	0.000797387606318348	0.00404098526805856	0.607617538163526	3.07927223959453
660	A128T-K135T-S138A-T160K-N190D-L194P-P198S	7	0.000620190360469826	0.00160854753388739	1.27933838562825	3.31813703723298
670	A128T-I130V-K135T-T160K-D186G-N190D-S193F-L194P	8	0.0210231875253139	0.00807543172500376	47.9701572897787	18.4263080736381
671	A128T-I130V-K135T-S138A-T160K-D186G-N190D-S193F-L194P-D225G	10	0.00124038072093965	0.0054272132240916	4.29337288736262	18.7854017052111
697	S138A-T160K-D186G-N190D-S193F-L194P-D225G	7	0.00013922640745241	0.00107890383370496	0.419670005858625	3.25213863157836
710	A128T-I130V-S138A-N190D-S193F-L194P-D225G	7	0.000455650060753341	0.00158239228943394	0.979497745731278	3.40162289850354
736	A128T-K135T-T160K-N190D-L194P	5	0.000658161198865938	0.00147123250050676	2.37891782886554	5.31775685332503
743	A128T-K135T-D186G-S193F-L194P-D225G	6	0.000594876468205751	0.000869661878077328	3.65368206741032	5.3413913282287
763	A128T-S138A-T160K-D186G-N190D-L194P	6	0.000227825030376671	0.00228204507856382	0.541001661886462	5.41902783009249
797	A128T-K135T-S138A-N190D-L194P-P198S-D225G	7	3.79708383961118e-05	0.000804273766943694	0.17523970968827	3.71181431283689
834	D186G-N190D-S193F-L194P-D225G	5	0.00199979748886189	0.00115083075595195	8.64330462282568	4.97399404110186
838	A128T-I130V-K135T-T160K-D186G-S193F-L194P-P198S-D225G	9	0.000101255569056298	0.00203357025625601	0.156950935432379	3.15213036637405
882	A128T-I130V-K135T-T160K-D186G-N190D-S193F-L194P-P198S-D225G	10	0.0195676387201296	0.00270706780093243	57.2914511810246	7.92593551930711
889	A128T-I130V-K135T-D186G-N190D-S193F-L194P-P198S-D225G	9	5.06277845281491e-05	0.000751963278036787	0.203726953135132	3.02591134357784
918	A128T-K135T-S138A-L194P	4	0.000835358444714459	0.00220357934520346	1.26837068685153	3.34581575764512
936	A128T-I130V-D186G-N190D-S193F-L194P	6	0.00112646820575132	0.0013927667671464	2.48698301506245	3.07490906192625
